id,social_network_account_id,social_network_account_followers,code_iso,comments,like,love,haha,wow,angry,sad,shares,post_impressions,post_impressions_unique,post_consumptions,total_video_views,total
16,38614,1965664,PE,112,2091,214,3,15,1,2,44,142030,102116,13890,22145,38517
19,28990,176909,PE,27,235,49,30,4,0,0,1,15339,11671,8478,16957,25781
20,29189,2032491,PE,45,2105,169,23,8,4,1,19,244228,162386,15377,29864,47615
1,35837,1468492,MX,7,240,25,1,0,0,0,136,110803,64660,2846,26392,29632
5,30603,451471,GT,122,5215,216,11,42,1,0,71,0,0,0,0,5678
37,28613,111700,CO,18,956,69,2,0,0,0,6,36827,24675,966,0,2017
7,35875,1466535,CO,38,545,68,109,4,1,0,51,298404,195727,27677,66533,95026
36,30275,229998,MX,6,128,15,1,0,0,0,3,30341,24667,357,3843,4353
24,25783,25658,CO,0,2,0,0,0,0,0,2,69562,50511,274,0,278
15,29387,900687,PE,45,1158,62,53,5,1,0,15,83940,63734,4721,0,6060
21,29406,2177,CO,1,5,1,0,0,0,0,1,3663,2847,91,0,99
22,26843,16749,CO,0,3,0,0,0,0,0,0,1363,884,17,0,20
8,28631,215056,CO,8,444,52,24,1,0,0,9,113035,87718,5591,15187,21316
18,31083,1466515,PE,72,3131,308,12,25,2,1,47,344038,213129,28468,49392,81458
27,34125,12071,CO,1,14,0,0,0,0,0,3,9095,2373,56,0,74
25,23558,24017,CO,0,9,2,0,0,0,0,3,62808,40247,279,0,293
30,30664,87,CO,0,1,0,0,0,0,0,0,20,13,1,0,2
31,38790,31023,CO,33,217,31,3,9,0,0,167,79137,44262,6412,0,6872
33,36332,191970,MX,0,6,0,0,0,0,0,0,1606,1043,23,0,29
26,23270,11622,CO,0,20,0,0,0,0,0,4,52472,37451,384,0,408
9,23526,17550,CO,4,9,4,0,0,0,0,1,36499,9256,350,0,368
14,29546,14665,PE,2,66,9,0,0,0,1,2,11902,5109,770,1282,2132
23,29333,58385,CO,0,15,1,0,0,0,0,7,78902,58011,380,0,403
38,29492,135018,PE,25,224,14,3,10,0,0,33,45603,28274,2367,0,2676
39,36330,14728,PE,1,29,0,0,0,0,0,6,13891,8033,411,0,447
40,28248,30675,PE,3,102,4,0,0,0,0,3,27004,16378,1079,0,1191
41,28464,107963,PE,69,845,279,47,2,0,2,50,40872,25396,4234,9585,5528
42,28208,18245,PE,6,126,28,0,0,0,0,0,9773,3684,178,0,338
43,29221,59057,PE,9,257,33,12,1,0,0,7,21713,15541,1244,0,1563
44,34460,9571,PE,0,4,0,0,0,0,0,3,9800,2867,34,0,41
45,23409,52302,CO,0,6,0,0,0,0,0,1,1493,1076,7,0,14
13,42577,9782,MX,6,72,6,2,1,0,0,3,44317,19888,242,753,332
32,30986,19009,MX,0,15,5,0,0,0,0,1,1986,1184,12,0,33
34,23526,17550,CO,0,10,1,0,0,0,0,0,13977,3690,25,0,36
46,28856,24105,CO,0,6,1,0,0,0,0,0,832,539,4,0,11
10,42988,3592,MX,0,8,0,0,0,0,0,1,1981,948,174,324,183
6,31990,914714,MX,188,2793,1155,8,121,0,1,0,0,0,0,35650,4266
2,37298,206739,MX,7,21,4,0,0,0,0,12,12365,9608,128,1890,2062
4,24804,15679,CO,2,38,5,0,0,0,0,1,9138,3072,103,0,149
65,23558,24017,CO,0,11,1,0,0,0,0,0,31842,10189,95,403,510
69,33783,386447,CO,167,1769,209,87,22,2,4,19,168143,117748,4382,0,6661
66,27298,3199,CO,0,10,1,0,0,0,0,0,2596,988,60,130,201
89,29109,401413,PE,1,169,19,1,0,0,0,15,43532,28867,387,0,592
54,24251,180842,MX,16,1697,144,28,2,1,0,3,49867,35677,2320,0,4211
55,34825,338326,MX,4,14,0,0,0,0,0,0,1253,865,0,0,18
57,30664,87,CO,0,0,0,0,1,0,0,0,263,66,11,0,12
60,30664,87,CO,3,6,3,0,3,0,0,0,225,163,4,0,19
67,29991,7033,CO,0,14,3,0,0,0,0,0,14661,3948,69,174,260
73,34003,4280,CO,0,20,2,0,0,0,0,0,891,535,16,0,38
47,37790,42224,CO,18,412,78,0,3,0,0,53,38133,15388,909,0,1473
72,34003,4280,CO,3,36,6,0,0,0,0,0,6036,1505,95,0,140
88,30275,229998,MX,9,225,48,1,3,0,0,2,10755,7628,1436,3039,4763
75,34003,4280,CO,0,42,3,0,0,0,0,1,6102,1460,68,0,114
77,34003,4280,CO,3,44,6,0,0,0,0,0,5275,1349,83,0,136
62,30885,32169,CO,35,280,174,5,0,1,0,8,0,0,0,268,503
68,25783,25658,CO,0,92,9,0,0,0,0,0,3750,2693,123,0,224
70,24219,2854,CO,0,0,0,0,0,0,0,0,0,0,0,0,0
74,34003,4280,CO,0,50,6,0,0,0,0,1,3713,2294,102,0,159
48,38289,29605,CO,0,12,0,0,0,0,0,1,2144,1396,37,0,50
71,41363,527447,CO,16,103,12,9,2,0,0,1,24865,17514,1440,0,1583
53,36332,191970,MX,16,163,18,16,2,0,1,1,14196,10324,863,0,1080
90,34950,121893,PE,4,70,9,0,0,1,0,8,6192,3720,68,0,160
76,34003,4280,CO,3,41,7,0,0,0,0,1,5662,1543,117,0,169
61,22761,996055,CO,80,2632,128,4,15,0,0,280,443858,326671,6886,0,10025
78,22424,10808,CO,2,70,3,0,0,0,0,1,16324,5193,117,0,193
79,33183,7650,CO,2,55,5,0,0,0,0,1,11661,3423,77,0,140
80,23270,11622,CO,0,5,0,0,0,0,0,0,571,334,8,0,13
81,28248,30675,PE,10,34,0,0,0,0,0,0,3299,2135,181,0,225
82,30719,456786,PE,155,2179,470,357,5,5,4,70,175985,104881,11099,0,14344
83,28985,239389,PE,9,241,21,5,1,1,0,0,20681,13025,569,0,847
84,39414,242665,PE,3,77,4,3,0,0,0,2,13691,9086,187,0,276
85,29221,59057,PE,12,82,6,13,0,0,1,0,12183,7730,658,0,772
86,39613,137593,PE,5,73,6,0,1,0,0,9,10648,7556,279,2284,373
87,30709,65895,PE,9,41,6,0,0,0,0,17,60624,49603,1479,9417,1552
63,33783,386447,CO,18,238,37,52,2,0,0,4,64173,47072,3652,9843,13846
49,33158,2017,BR,4,4,0,0,1,1,0,0,8327,1545,41,0,51
106,39416,18442043,MX,33,870,59,37,13,4,0,0,553914,383844,11991,0,13007
108,24804,15679,CO,0,32,6,0,0,0,0,3,5145,2360,226,296,267
131,24804,15679,CO,0,66,1,0,0,0,0,0,1475,795,13,0,80
130,24804,15679,CO,0,50,1,0,0,0,0,3,8325,2460,49,0,103
109,25400,460955,CO,10,533,26,0,2,0,0,2,0,0,0,0,573
103,29595,7338,MX,0,1,0,0,0,0,0,0,5111,1758,43,0,44
135,39973,47655,CO,6,149,5,0,0,0,0,31,14817,9846,921,0,1112
110,24804,15679,CO,21,75,13,0,3,0,0,14,28299,16694,991,0,1117
92,28285,1009218,PE,0,108,5,0,0,0,0,9,46777,30376,210,0,332
111,24746,52476,CO,5,49,0,0,0,0,0,3,1036,0,0,0,57
134,40107,22438,CO,21,115,14,1,1,0,0,30,18883,10546,1045,0,1227
119,30769,486520,PE,5,171,16,1,0,0,3,0,19704,13959,554,0,750
132,24804,15679,CO,0,42,2,0,0,0,0,2,12795,3538,34,0,80
123,37858,6,PE,0,0,0,0,0,0,0,0,2,1,0,0,0
124,37858,6,PE,0,0,0,0,0,0,0,0,3,2,0,0,0
125,37858,6,PE,0,0,0,0,0,0,0,0,2,1,0,0,0
107,25003,208682,CO,77,2127,162,2,15,0,0,56,0,0,0,0,2439
126,34094,4436,CO,2,13,3,1,0,0,0,1,4037,2859,108,0,128
127,28631,215056,CO,5,399,48,12,0,0,0,4,35686,24121,1754,0,2222
128,28077,101324,CO,5,378,105,8,4,0,0,2,36216,24151,2373,0,2875
129,35873,1266805,CO,7,305,28,58,0,0,0,1,50239,0,0,0,399
133,33158,2017,BR,4,4,0,0,1,1,0,0,8327,1545,41,0,51
102,39088,23067,MX,0,12,1,0,0,0,0,0,673,490,91,0,104
539,48719,61,CO,0,0,0,0,0,0,0,0,18,10,0,0,0
114,37851,26658,PE,2,57,2,0,0,0,0,0,1498,963,55,0,116
112,34329,154937,PE,0,139,0,0,0,0,9,0,9646,7261,381,0,529
117,40026,3235921,PE,64,1517,368,2,4,0,119,0,343300,243678,9847,0,11921
91,28743,147883,PE,0,31,8,0,0,0,0,10,30700,19507,248,0,297
95,36332,191970,MX,15,121,14,12,1,0,0,1,9386,6682,448,0,612
17,28208,18245,PE,4,57,15,0,2,0,0,2,14019,6014,599,1162,1841
105,40139,2008275,MX,0,32,0,0,0,0,0,0,0,0,0,0,32
121,41652,229388,PE,13,164,14,0,1,0,1,0,12656,7932,353,0,546
97,30275,229998,MX,4,310,38,0,0,0,0,1,20062,15745,245,0,598
116,39726,458592,PE,0,83,10,0,0,0,0,0,18121,12499,415,0,508
113,29257,595742,PE,9,428,66,0,1,0,22,0,71532,50725,2185,0,2711
143,43107,976284,MX,21,1049,128,226,4,5,1,0,192309,129220,22254,0,23688
94,28738,343053,MX,16,386,86,0,2,0,2,0,25239,17067,1672,0,2164
122,41896,144594,PE,3,73,7,0,0,0,3,0,7147,5049,293,0,379
99,29570,607546,MX,9,105,7,0,1,0,0,9,54969,39389,3870,0,4001
115,28285,1009218,PE,1,183,18,0,0,0,20,0,59266,40420,970,0,1192
120,28850,91573,PE,7,84,12,0,0,0,11,0,5339,3549,263,0,377
137,39973,47655,CO,4,52,2,0,2,0,0,2,4382,2993,140,0,202
136,40107,22438,CO,4,32,7,1,0,0,0,2,9861,4299,314,1035,1395
165,39088,23067,MX,0,3,0,0,0,0,0,0,343,219,18,0,21
150,38875,22182,CO,0,7,0,1,0,0,0,0,1267,910,66,0,74
157,35881,25931,MX,0,5,0,0,1,0,0,0,1587,917,29,0,35
142,24687,7618,CO,0,3,0,0,4,0,0,0,16345,4569,17,0,24
147,30275,229998,MX,2,53,10,3,0,1,0,0,18391,13464,1480,0,1549
158,25284,47827,MX,1,25,1,0,0,0,0,0,762,471,10,0,37
161,31992,18875,MX,0,11,0,0,0,0,0,2,4644,1995,43,0,56
163,39088,23067,MX,0,6,0,0,0,0,0,9,1340,823,46,0,61
104,39088,23067,MX,1,40,2,0,0,0,0,1,1996,1428,125,0,169
140,24804,15679,CO,0,6,0,0,1,0,1,2,9782,4075,34,0,44
170,39088,23067,MX,1,2,0,0,0,0,0,1,710,461,28,0,32
152,31066,8176,MX,0,12,0,0,0,0,0,1,1658,1442,3,0,16
144,36332,191970,MX,3,40,3,7,0,0,1,0,19815,14039,2443,0,2497
154,27017,29200,MX,0,5,0,0,0,0,0,0,873,547,9,0,14
173,33950,162481,MX,19,159,12,0,0,0,1,9,10529,6861,346,0,546
164,30275,229998,MX,3,50,3,1,0,0,0,1,7489,6169,101,0,159
176,33252,2091353,MX,9,661,18,7,0,1,0,4,56594,40009,1376,0,2076
545,48719,61,CO,0,0,0,0,0,0,0,0,4,2,0,0,0
177,30275,229998,MX,0,53,6,0,0,0,0,0,5802,4704,86,0,145
167,33950,162481,MX,13,80,17,0,0,0,0,5,7317,4478,211,0,326
178,30275,229998,MX,1,56,1,0,0,0,0,0,4691,3751,95,0,153
166,30275,229998,MX,1,17,2,0,0,0,0,1,3803,3028,75,0,96
174,33950,162481,MX,25,241,13,0,1,0,0,17,18972,12143,996,0,1293
162,31992,18875,MX,2,13,0,0,0,0,0,1,5471,2294,72,0,88
141,24692,8018,CO,1,12,0,0,0,0,0,0,1442,0,0,0,13
195,43366,0,CO,0,0,0,0,0,0,0,0,0,0,0,0,0
200,30637,1,CO,0,0,0,0,0,0,0,0,0,0,0,0,0
185,43366,0,CO,2,1,0,1,0,0,0,0,29,27,7,0,11
186,43366,0,CO,2,3,0,0,0,0,0,0,42,39,11,0,16
153,31066,8176,MX,1,59,3,0,2,0,0,1,5167,3221,125,0,191
138,42012,99708,MX,3,198,34,5,0,0,0,0,6538,4541,944,0,1184
149,41236,1510569,MX,2,102,4,38,1,1,0,70,48798,31129,2858,0,3076
139,42012,99708,MX,2,200,43,4,0,0,0,0,5238,3493,682,0,931
155,27017,29200,MX,6,295,34,3,1,1,0,0,8899,6291,602,0,942
169,30275,229998,MX,1,259,2,0,0,0,0,0,8377,7300,32,0,294
96,28738,343053,MX,3,204,26,0,1,0,0,3,13214,8829,863,0,1100
540,41199,2551,CO,0,1,0,0,0,0,0,0,112,73,0,0,1
159,26660,722268,MX,1,62,0,0,1,0,0,5,12936,10165,699,0,768
11,42703,4817,MX,1,22,4,0,0,0,0,1,3305,1925,279,861,307
218,33783,386447,CO,5,158,4,73,1,1,1,4,89481,60481,1224,0,1471
217,42153,0,PE,0,38,6,0,0,0,0,0,3697,2288,37,0,81
223,30603,451471,GT,126,5794,174,8,44,3,2,161,0,0,0,0,6312
202,43366,0,CO,0,0,0,0,0,0,0,0,0,0,0,0,0
189,43366,0,CO,2,2,0,0,2,0,0,0,52,50,1,0,7
207,42121,7847,PE,1,46,5,0,0,0,0,0,5065,2843,115,0,167
204,33269,110884,PE,0,156,18,0,0,0,0,27,416485,395108,2803,12059,15063
187,43366,0,CO,2,1,0,0,1,0,1,1,88,74,5,0,11
193,43366,0,CO,2,5,0,0,0,0,0,0,73,58,17,0,24
191,43366,0,CO,2,5,0,0,0,0,0,0,73,58,17,0,24
222,30603,451471,GT,29,756,48,0,10,0,0,31,0,0,0,0,874
220,30275,229998,MX,0,149,11,0,2,0,0,0,12649,10484,115,0,277
219,37851,26658,PE,0,221,12,0,1,0,0,0,0,0,256,0,490
201,29892,18941,CO,1,5,1,0,0,0,0,1,7590,3714,35,0,43
213,37851,26658,PE,1,119,5,1,0,0,0,0,4385,2917,326,0,452
198,34950,121893,PE,4,128,9,1,0,0,0,2,11088,7261,793,3166,4103
183,28779,91006,PE,2,188,10,2,1,0,0,45,417366,407778,2516,11903,14667
184,30709,65895,PE,5,209,21,0,3,0,0,5,10022,7781,215,0,458
199,26499,3042501,MX,1,133,4,0,0,0,0,22,352204,0,0,10466,10626
227,24646,17497,CO,0,57,1,1,0,0,0,0,1506,996,28,0,87
264,34396,140325,CO,4,32,4,0,0,0,0,2,9862,6813,278,0,320
238,35873,1266805,CO,51,2372,339,56,6,2,0,9,0,0,0,0,2835
232,24646,17497,CO,0,47,0,0,0,0,0,0,602,431,8,0,55
194,43039,203551,MX,80,3962,1183,79,9,3,1,8,0,0,0,0,5325
215,39726,458592,PE,20,941,97,9,1,0,0,1,75833,54884,3079,0,4148
221,30769,486520,PE,12,663,55,1,0,0,5,3,41888,28455,982,0,1721
182,35881,25931,MX,0,3,0,0,0,0,0,0,844,490,11,0,14
209,28285,1009218,PE,22,2038,129,1,1,0,13,6,188710,131408,4533,0,6743
212,28850,91573,PE,9,348,24,0,0,0,0,0,22223,16775,1162,0,1543
211,29257,595742,PE,184,10050,1656,211,60,2,19,36,464377,315587,15599,0,27817
210,38505,1049579,PE,11,728,61,0,0,0,6,4,59522,42482,4262,0,5072
197,37228,59969,MX,3,943,183,6,1,0,0,2,14524,10126,1154,0,2292
188,43366,0,CO,4,2,0,0,1,0,1,0,44,38,6,8,22
156,35881,25931,MX,18,268,48,0,2,0,0,0,7993,5774,790,0,1126
172,39123,20105,MX,2,11,0,0,0,0,0,0,15968,6257,45,0,58
151,28738,343053,MX,19,274,44,3,2,0,0,2,23705,17130,2476,0,2820
179,30986,19009,MX,2,23,4,3,0,0,0,0,2750,1537,41,0,73
247,27871,34624,CO,9,103,1,6,2,0,0,0,10474,7037,252,0,373
181,40034,112405,MX,1,7,1,0,0,0,0,2,4931,3757,32,0,43
214,34329,154937,PE,19,427,41,0,1,0,0,2,27813,20631,1061,0,1551
260,36249,33722,BR,0,130,11,0,0,0,0,0,0,0,0,0,141
224,42634,8591,CO,0,33,0,0,0,0,1,3,6911,3334,57,0,94
235,33783,386447,CO,58,62,2,35,5,14,1,1,83003,55953,2984,0,3162
251,33170,15691,MX,7,81,13,0,5,0,1,0,6909,0,0,2395,2502
259,38613,78439,BR,3,446,45,0,0,0,0,1,0,0,0,0,495
231,25725,44167,CO,3,24,1,0,0,0,0,1,2421,1730,135,0,164
261,38631,12745,BR,0,15,1,0,0,0,0,0,0,0,0,0,16
229,36332,191970,MX,0,20,0,0,1,0,0,0,1718,1112,12,0,33
237,29438,12000,CO,3,90,5,0,0,0,0,1,0,0,0,0,99
262,38626,9339,BR,4,375,36,0,0,0,0,0,0,0,0,0,415
233,40139,2008275,MX,0,3,1,0,0,0,0,0,0,0,0,0,4
228,29595,7338,MX,0,20,4,0,0,0,0,1,1951,1202,78,0,103
249,42121,7847,PE,1,19,0,0,0,0,0,0,679,423,44,0,64
263,38440,50540,BR,0,72,2,0,0,0,0,0,0,0,0,0,74
547,25757,314620,CO,6,69,11,2,0,0,0,2,60241,0,5421,0,5511
541,48719,61,CO,0,0,0,0,0,0,0,0,8,4,0,0,0
250,37851,26658,PE,0,20,0,0,0,0,2,0,1619,1056,42,0,64
230,31053,464740,MX,5,23,1,19,0,0,0,0,0,0,0,1765,48
254,44115,108123,MX,6,1212,126,27,4,1,1,0,0,0,0,0,1377
248,30769,486520,PE,7,130,27,0,1,1,6,0,27669,19101,628,0,800
246,34329,154937,PE,0,23,4,0,0,0,2,0,4862,3482,117,0,146
242,30710,323403,MX,0,156,12,1,1,0,0,0,11261,7237,316,0,486
265,44112,293793,MX,0,0,0,0,0,0,0,0,6188,0,0,0,0
257,31899,21175,PE,6,410,93,0,1,0,0,1,10510,7194,450,0,961
180,28743,147883,PE,4,70,7,0,0,1,0,18,15412,10289,1145,3260,4505
271,29374,229629,US,2,632,4,16,1,1,0,6,43662,32282,577,0,1239
272,38751,54214,US,12,251,22,0,1,0,0,2,8451,5894,271,0,559
273,26522,19434,US,0,10,1,0,0,0,0,2,5261,1890,19,0,32
274,38751,54214,US,15,237,28,0,1,0,0,4,7662,4848,152,0,437
275,38751,54214,US,13,200,16,1,0,0,0,0,5846,3934,133,0,363
310,30664,87,CO,0,1,0,0,0,0,0,0,124,57,5,20,26
556,48719,61,CO,0,0,0,0,0,0,0,0,31,17,0,0,0
268,30275,229998,MX,8,177,13,54,0,2,0,9,128194,97075,2954,31201,34418
258,42012,99708,MX,2,116,28,0,1,0,0,0,4403,2959,627,0,774
255,38505,1049579,PE,7,171,12,0,0,0,7,0,42403,30712,893,0,1090
226,28622,2057157,MX,0,21,2,0,0,0,0,3,55181,37287,554,0,580
578,48925,45313,PE,6,211,29,2,0,0,0,0,7151,4626,137,0,385
239,34328,85228,MX,1,51,7,0,0,0,0,0,7863,5516,111,0,170
244,28850,91573,PE,8,41,9,0,0,0,6,0,6610,4684,221,0,285
252,26499,3042501,MX,119,145,8,0,0,0,0,7,0,0,0,0,279
307,42634,8591,CO,9,170,18,1,1,0,0,4,10194,5744,329,0,532
280,40939,54474,MX,12,292,53,30,0,0,0,6,12935,8573,541,0,934
312,34950,121893,PE,52,1305,109,5,1,0,0,8,47107,33139,1567,0,3047
283,33973,27909,PE,6,164,42,1,0,0,0,0,6683,4635,411,0,624
285,28849,253105,PE,59,2981,846,12,6,0,0,8,79401,52735,2097,0,6009
292,28208,18245,PE,21,302,73,17,1,0,1,0,27556,17725,621,0,1036
290,42571,732985,CO,18,378,47,1,2,1,0,8,22704,14642,1385,3574,1840
286,28265,85186,PE,8,351,50,0,0,0,0,0,11724,8981,674,0,1083
306,38614,1965664,PE,92,4955,429,3,38,1,1,26,294026,216481,13938,0,19483
284,31197,103847,CO,7,486,65,31,1,0,0,5,41151,34135,1039,9840,11474
303,26621,42695,MX,0,107,4,0,0,0,0,5,16282,12902,193,0,309
269,34056,993921,MX,55,2662,270,21,3,0,0,1,64863,0,0,0,3011
279,43366,0,CO,0,0,0,0,0,0,0,0,0,0,14,0,14
240,30534,1933648,MX,17,159,31,1,0,0,0,0,21383,15002,503,0,711
308,25725,44167,CO,2,5,0,0,0,0,0,1,2084,1619,58,0,66
295,40939,54474,MX,0,72,4,0,0,0,0,2,2209,1335,66,0,143
278,40878,76586,MX,4,311,41,1,0,0,0,0,19457,17451,893,0,1250
314,27099,355656,MX,0,0,0,0,0,0,0,0,0,0,0,0,0
333,30664,87,CO,1,1,0,0,0,0,0,0,7,2,5,0,7
299,28985,239389,PE,175,9319,2006,21,126,1,3,27,248664,179019,50231,0,61909
334,42634,8591,CO,4,126,8,0,0,0,0,2,8899,5133,208,0,348
316,28265,85186,PE,3,77,5,0,0,0,0,0,4963,3560,167,0,252
344,24646,17497,CO,0,35,4,0,0,0,0,1,723,471,5,0,45
298,30864,125352,MX,6,15,2,0,0,0,0,3,1405,1071,11,0,37
320,39726,458592,PE,3,78,14,0,0,0,0,13,24635,17859,344,2220,2672
277,26660,722268,MX,6,78,4,1,5,0,0,4,21822,16543,552,0,650
289,34844,274689,MX,38,1083,340,92,4,0,0,6,42221,42221,1037,0,2600
270,34056,993921,MX,49,3053,368,29,1,1,0,0,79863,0,0,0,3501
301,26660,722268,MX,4,62,8,2,0,0,0,4,13496,10568,418,0,498
245,41896,144594,PE,2,42,13,0,0,0,8,0,7885,5643,304,0,369
346,30637,1,CO,0,0,0,0,0,0,0,0,7,4,0,0,0
305,38374,31332,MX,2,98,7,1,0,0,0,2,14878,8585,544,0,654
236,40567,261659,MX,0,1980,149,2,2,0,0,10,54343,49227,2022,0,4165
551,48719,61,CO,0,0,0,0,0,0,0,0,29,20,0,0,0
253,43054,95869,MX,25,559,113,2,10,0,1,10,0,0,0,6549,720
256,28285,1009218,PE,11,245,35,0,1,0,11,0,69843,49119,1293,0,1596
321,42121,7847,PE,0,49,5,1,0,0,0,0,3166,2033,84,580,719
542,41199,2551,CO,0,1,0,0,0,0,0,0,149,85,0,0,1
313,40107,22438,CO,8,43,7,0,0,0,0,1,9837,6956,537,0,596
345,30664,87,CO,0,0,0,0,0,0,0,0,15,13,2,0,2
302,22650,7119,CO,0,40,1,1,0,0,0,0,4104,1900,95,0,137
350,33822,31752,MX,9,50,10,0,0,0,0,1,4299,2867,95,0,165
282,24744,0,CO,215,14800,507,14,43,0,5,91,33528,0,0,0,15675
336,34329,154937,PE,2,62,7,0,0,0,0,0,7538,6459,230,0,301
203,31197,103847,CO,16,512,87,34,1,0,0,8,56966,45710,1018,12713,14389
343,34048,383820,MX,9,569,198,42,3,2,7,2,32692,23077,1748,0,2580
294,29512,43043,MX,0,45,13,0,2,0,0,0,1669,974,30,0,90
557,27480,434458,MX,0,36,3,4,0,0,0,1,4276,0,482,0,44
374,29156,12002,CO,0,2,0,0,0,0,0,0,1585,1110,5,0,7
381,30483,44436,CO,5,25,2,0,0,0,0,0,0,0,0,308,340
362,29156,12002,CO,0,39,2,2,0,0,0,0,4720,3221,30,0,73
384,45079,57103,MX,5,87,1,0,0,0,0,2,3267,0,0,0,95
361,41652,229388,PE,128,5475,259,9,10,0,22,112,529093,455719,10328,0,16343
371,45048,8,CO,0,0,0,0,0,0,0,0,8,6,0,0,0
363,30965,55604,CO,9,132,19,2,0,0,0,0,3195,2044,71,0,233
383,45460,6304,MX,0,7,1,0,0,0,0,0,436,0,0,0,8
365,28341,15484,CO,3,3,2,2,0,0,0,3,5844,3757,309,582,904
373,30965,55604,CO,7,87,11,0,0,0,0,0,2416,1458,48,0,153
372,38875,22182,CO,0,4,0,0,0,0,0,1,567,386,3,0,8
376,38875,22182,CO,0,1,1,0,0,0,0,0,694,492,10,0,12
315,31197,103847,CO,7,318,40,19,1,0,0,1,30764,19016,1473,5128,6987
349,39414,242665,PE,28,1406,67,71,1,0,0,8,81346,57256,1620,0,3201
323,38505,1049579,PE,5,278,19,0,2,0,0,74,54630,39182,3413,8599,12390
324,28285,1009218,PE,20,517,71,2,4,0,2,107,139178,94337,5344,18766,24833
330,41896,144594,PE,0,16,2,0,0,0,0,0,2690,1782,42,0,60
325,30769,486520,PE,10,389,47,0,1,0,0,109,70950,51772,9378,14913,24847
328,29257,595742,PE,46,1020,171,3,2,4,24,142,227927,161435,10449,32144,44005
329,28850,91573,PE,1,25,0,0,0,0,0,0,2155,1440,43,0,69
291,26660,722268,MX,1,113,4,0,1,1,0,2,21001,16522,459,0,581
339,40881,0,MX,3,67,13,2,0,0,0,15,45386,43064,1503,0,1603
567,48995,56903,MX,62,524,49,2,0,0,0,16,4541,0,731,0,653
355,41896,144594,PE,7,111,2,0,0,0,0,0,16517,12180,584,0,704
348,28850,91573,PE,4,84,13,0,0,0,0,0,12078,8891,847,0,948
595,45443,372257,MX,24,2793,700,2,12,0,0,13,70497,0,6344,0,9888
354,30769,486520,PE,51,4166,261,7,4,1,0,14,163796,113873,3406,0,7910
353,26264,102674,MX,0,40,1,0,1,0,0,1,9076,6515,142,0,185
341,30864,125352,MX,1,10,1,0,0,0,0,0,601,407,2,0,14
331,40579,18564,PE,0,17,0,0,0,0,0,3,17591,9742,109,594,723
375,33252,2091353,MX,7,316,9,1,8,1,0,3,74972,46782,1181,5057,1526
352,26264,102674,MX,0,44,2,0,0,0,0,1,7983,5187,36,0,83
357,40579,18564,PE,207,21819,713,24,38,3,5,65,586675,492437,14879,0,37753
370,41652,229388,PE,15,842,39,1,4,0,1,16,44508,27960,1092,0,2010
544,45748,1743967,US,136,3799,204,13,2,0,0,96,380091,267464,7869,0,12119
377,44573,10720,CO,1,33,4,0,0,0,0,14,4233,2942,120,0,172
369,25003,208682,CO,59,2298,189,7,2,5,1,19,17645,0,0,0,2580
317,24711,37078,CO,3,59,9,0,1,0,0,0,3211,0,0,0,72
380,24646,17497,CO,0,37,1,0,0,0,0,0,838,516,8,0,46
64,29282,78185,CO,5,448,74,0,2,0,0,3,77735,26615,2652,4923,8107
266,31197,103847,CO,26,435,62,84,0,0,0,21,45475,30201,2364,8116,11108
415,30523,8748,MX,0,4,0,0,0,0,0,0,668,398,9,0,13
550,48719,61,CO,0,0,0,0,0,0,0,0,1,1,0,0,0
364,31197,103847,CO,5,236,35,6,0,0,0,0,18096,11452,518,2439,3239
412,30343,0,MX,0,6,0,0,0,0,0,0,1189,756,14,0,20
413,31992,18875,MX,0,0,0,0,0,0,0,0,344,219,7,0,7
414,31992,18875,MX,0,1,0,0,0,0,0,0,1851,1251,37,0,38
406,27476,490474,MX,10,1192,32,4,2,7,51,294,65722,0,0,0,1592
409,34048,383820,MX,14,3400,550,8,1,8,106,333,115606,80364,2366,0,6786
391,39416,18442043,MX,27,688,41,56,5,6,2,363,337951,255800,6167,0,7355
397,44066,117954,MX,20,1228,101,0,1,1,23,100,45311,31703,1146,0,2620
407,33822,31752,MX,3,103,15,1,0,1,0,11,5489,4003,174,0,308
196,37228,59969,MX,13,1001,200,9,2,0,0,3,17409,12196,1815,0,3043
395,38097,20431,MX,0,7,0,0,0,0,0,0,1719,1253,27,0,34
366,44977,86992,MX,7,290,16,3,1,0,0,0,19379,14289,271,0,588
367,34058,6246,CO,24,186,27,0,1,0,0,0,20622,13361,254,0,492
408,27071,22004984,MX,25,1185,74,35,4,5,1,126,479273,0,0,0,1455
396,42822,56908,MX,0,7,0,7,0,0,0,14,5376,3690,67,0,95
387,41611,9878,MX,2,68,15,0,0,0,0,10,6164,3666,97,0,192
401,43107,976284,MX,26,3261,197,57,6,15,5,565,158595,111203,3874,0,8006
368,24692,8018,CO,4,67,14,0,1,0,0,1,0,0,0,0,87
411,31354,76109,PE,0,20,1,3,0,0,0,0,8541,5611,584,0,608
404,30741,976651,MX,8,448,72,13,0,0,1,43,87372,0,0,0,585
393,39232,138922,MX,21,1056,106,0,1,2,8,199,48842,33299,945,0,2338
327,29441,17468,PE,4,20,0,0,0,0,0,0,6917,4460,52,412,488
356,40026,3235921,PE,314,16187,1507,62,4,2,4,139,966788,708455,18768,0,36987
548,37790,42224,CO,44,384,58,0,1,0,0,8,16198,10350,276,0,771
386,24251,180842,MX,14,1445,175,1,4,0,0,3,45747,31961,1200,0,2842
378,45370,704411,CO,26,2408,67,3,1,0,0,11,0,0,0,0,2516
390,33252,2091353,MX,16,757,34,28,1,0,1,126,131255,96809,2861,0,3824
416,30523,8748,MX,0,6,0,0,0,0,0,0,964,587,17,0,23
417,30343,0,MX,0,2,0,0,0,0,0,0,408,237,3,0,5
418,31958,8937,MX,0,0,0,0,0,0,0,0,0,0,0,0,0
419,31958,8937,MX,0,3,0,0,0,0,0,2,793,509,0,0,5
420,29570,607546,MX,4,21,0,1,1,0,0,4,32336,21903,316,0,347
421,29570,607546,MX,6,14,0,0,1,0,0,2,41388,26741,664,0,687
568,48992,31105,MX,1,21,0,0,0,0,0,0,1121,0,456,0,22
553,48719,61,CO,0,3,0,0,0,0,0,0,148,85,6,0,9
398,44977,86992,MX,3,77,1,5,1,1,5,13,9530,7056,182,0,16
388,41650,15132,MX,8,85,17,0,0,0,0,2,8308,4560,87,0,199
434,29221,59057,PE,0,27,2,4,0,0,0,0,5181,3259,146,0,179
422,31958,8937,MX,0,3,0,0,0,0,0,2,1503,982,0,0,5
423,31992,18875,MX,0,0,0,0,0,0,0,0,644,374,14,0,14
424,29570,607546,MX,2,8,0,0,0,0,0,2,16357,10708,168,0,180
425,30343,0,MX,0,5,0,0,1,0,0,0,1031,639,13,0,19
426,30523,8748,MX,0,4,0,0,0,0,0,1,1189,744,32,0,37
444,45380,46135,MX,8,103,18,0,0,0,0,0,6810,0,0,0,129
385,44573,10720,CO,0,7,0,0,0,0,0,2,1097,760,20,0,29
442,46217,46210,BR,0,24,2,0,0,0,0,2,0,0,0,0,28
340,24711,37078,CO,5,98,7,0,0,0,0,0,3211,0,0,0,110
360,28285,1009218,PE,110,11842,954,34,14,0,1,34,595575,412191,21815,0,34804
438,26718,261659,MX,4,669,45,0,1,0,0,2,5526,0,0,0,721
437,26718,261659,MX,2,199,11,0,0,0,0,0,3947,0,0,0,212
432,27695,0,MX,5,356,45,1,0,0,0,3,39981,0,764,0,410
403,29235,2187443,MX,8,311,18,9,0,0,3,55,67634,50197,2218,0,2622
399,45505,31714,MX,3,40,1,1,0,5,4,13,5688,4142,184,0,251
428,30534,1933648,MX,131,2424,350,3,15,0,3,40,137642,98461,2345,0,5311
579,40567,261659,MX,2,8,0,0,0,0,0,0,4171,2984,77,0,87
101,28622,2057157,MX,0,8,1,0,0,0,0,1,15410,10047,225,0,235
440,24251,180842,MX,43,4311,944,6,0,2,12,40,108085,72725,4263,0,9621
392,37228,59969,MX,2,258,13,67,0,1,1,14,14535,10142,620,0,976
603,37228,59969,MX,4,166,71,3,5,0,0,0,6939,4785,342,0,591
405,43581,196163,MX,2,218,4,2,0,0,4,6,18694,13333,330,0,566
389,30275,229998,MX,2,75,0,15,1,0,0,7,13676,10182,253,0,353
594,24793,14557,MX,0,39,12,0,0,0,0,0,17639,9150,107,0,158
549,44488,388453,MX,2,47,1,0,0,0,1,6,8073,5248,120,0,177
609,35875,1466535,CO,15,926,16,208,4,0,32,61,115292,82269,13273,0,14535
431,30710,323403,MX,10,978,96,9,1,1,0,1,41819,29358,949,0,2045
400,42012,99708,MX,0,132,15,0,0,0,3,7,29520,18994,152,0,309
441,46217,46210,BR,0,11,0,0,0,0,0,0,0,0,0,0,11
469,28248,30675,PE,4,23,1,0,0,0,0,0,3429,2347,318,0,346
439,26718,261659,MX,2,1034,46,0,0,0,0,3,7894,0,0,0,1085
466,40878,76586,MX,0,32,6,0,0,0,0,0,6127,0,0,0,38
480,47952,932,BR,0,0,0,0,0,0,0,0,0,0,0,0,0
342,35051,314890,MX,52,1550,383,31,3,5,258,10,78254,50653,6405,0,8697
450,27191,29705,MX,1,372,1,0,0,0,0,1,1253,0,0,0,375
468,44386,0,BR,0,0,0,0,0,0,0,0,0,0,0,0,0
479,41199,2551,CO,0,0,0,0,0,0,0,0,155,110,1,0,1
467,40139,2008275,MX,0,9,0,0,0,0,0,0,28562,0,0,0,9
476,36491,27459,MX,5,40,2,0,0,0,0,13,1456,561,876,1731,47
580,42191,833761,MX,171,9402,919,4,13,0,2,365,146156,0,13154,0,10876
145,34844,274689,MX,12,619,157,130,1,3,1,0,33665,21942,2340,0,3263
190,43039,203551,MX,82,4739,1462,73,19,2,1,11,0,0,0,0,6389
448,40139,2008275,MX,0,71,5,0,0,0,0,14,31347,0,0,0,76
566,29314,293030,PE,9,217,28,0,0,0,0,1,12284,8049,115,0,370
429,42703,4817,MX,1,49,9,0,0,0,0,4,2387,1610,75,0,138
35,40126,0,AR,16,443,44,0,0,0,1,8,0,0,0,0,512
464,30252,335951,MX,25,4141,1366,48,1,1,5,0,1734,0,0,0,5587
427,30710,323403,MX,126,946,190,3,2,0,0,5,53274,37809,7203,0,8475
452,45889,55981,PE,4,48,3,3,1,0,0,0,8187,5757,212,0,271
449,30252,335951,MX,30,10168,4154,72,8,3,3,49,1786,0,0,0,14438
458,37228,59969,MX,6,545,99,3,0,0,0,1,11314,7616,355,0,1009
267,40567,261659,MX,0,1872,159,0,5,0,0,5,50920,45695,1663,0,3704
446,37228,59969,MX,9,1190,287,0,6,0,0,3,22895,15719,957,0,2452
402,44488,388453,MX,1,216,20,6,8,0,1,81,15222,10879,453,0,786
453,28990,176909,PE,5,57,4,13,7,0,1,0,17353,10615,884,0,971
473,40878,76586,MX,3,191,33,0,0,0,0,0,5302,0,0,0,227
471,25801,13821,CL,48,549,137,1,8,0,0,6,27640,20050,2599,0,3348
478,46020,10505,CO,6,13,1,0,0,0,0,4,1023,0,0,0,24
430,42703,4817,MX,1,44,10,0,0,0,0,1,1237,797,61,0,117
554,30694,810571,PE,107,7193,852,43,22,7,2,26,233441,160501,6913,0,15165
461,28738,343053,MX,2,8,0,0,0,0,0,1,4844,2900,72,0,83
435,32027,403501,MX,10,527,137,5,2,0,0,3,33747,23154,749,0,1433
206,41896,144594,PE,14,194,20,0,2,0,0,0,19592,14148,989,0,1219
455,29257,595742,PE,8,139,16,16,2,0,1,0,81821,57061,2357,0,2539
457,28233,70458,PE,37,983,172,26,96,1,1,3,50962,31729,5718,0,7037
569,29221,59057,PE,8,69,9,0,0,0,0,1,4399,2803,69,0,155
443,44346,58211,PE,4,39,0,24,1,0,0,0,9883,6413,1317,0,1385
474,41199,2551,CO,0,2,0,0,0,0,0,1,339,185,5,0,8
472,41199,2551,CO,0,3,0,0,0,0,0,0,353,208,7,0,10
304,30710,323403,MX,0,137,5,0,2,0,0,0,10242,6399,164,1433,1741
208,39414,242665,PE,51,3005,127,37,3,0,2,8,129830,87276,1979,0,5212
587,25722,9486,CO,12,73,8,0,0,0,0,3,15009,8189,426,0,522
447,30275,229998,MX,6,96,22,0,3,1,0,5,67834,56054,589,11018,11740
175,33252,2091353,MX,0,585,18,6,0,0,0,0,45093,31345,1049,0,1658
501,41199,2551,CO,0,3,0,0,0,0,0,0,168,112,1,0,4
489,31030,2697896,US,80,690,35,4,2,0,0,24,213894,156178,2322,0,3157
481,41199,2551,CO,0,2,0,0,0,0,0,2,563,352,4,0,8
454,28622,2057157,MX,2,11,0,0,0,0,0,1,23744,18161,254,0,268
493,46020,10505,CO,2,1,1,0,0,0,0,0,734,0,0,0,4
581,48508,1215030,MX,100,1905,144,0,9,0,2,126,186373,125570,2409,0,4695
494,30664,87,CO,0,0,0,0,0,0,0,0,0,0,0,0,0
445,30252,335951,MX,50,8344,3804,48,13,3,4,36,119024,83316,1064,0,13366
477,25801,13821,CL,5,160,27,0,0,0,0,3,14310,9559,568,0,763
118,38505,1049579,PE,3,148,9,0,0,0,6,0,27811,20723,530,0,696
492,48215,580415,CO,0,67,4,1,0,0,0,0,4231,0,0,0,72
487,30275,229998,MX,36,696,177,3,0,0,0,6,31112,25489,932,0,1850
205,41652,229388,PE,55,1691,93,8,5,0,1,54,57585,35313,1776,0,3683
497,33529,5451,CO,2,12,2,0,0,0,0,1,4921,2477,30,67,114
475,28738,343053,MX,4,247,56,2,1,0,0,4,25132,16981,1790,0,2104
234,28738,343053,MX,4,158,30,1,1,0,0,3,12883,8837,1132,0,1329
483,40567,261659,MX,1,58,5,0,0,0,0,0,10800,9989,225,0,289
560,41611,9878,MX,16,38,11,0,0,0,4,16,1953,1148,64,0,149
486,41199,2551,CO,0,1,0,0,0,0,0,1,194,106,0,0,2
495,41199,2551,CO,0,2,0,0,0,0,0,1,234,139,2,0,5
332,39414,242665,PE,2,50,4,0,0,0,0,7,13130,8610,328,1264,1655
459,30719,456786,PE,55,341,63,148,4,5,0,0,51302,32473,2812,0,3428
488,30275,229998,MX,5,311,0,22,1,1,0,3,31698,27657,2246,0,2589
610,38289,29605,CO,1,10,3,0,0,0,0,0,2234,1404,34,0,48
451,33938,625622,PE,3,194,11,7,1,0,0,2,63316,38707,893,0,1111
490,41199,2551,CO,0,1,0,0,0,0,0,0,114,68,1,0,2
482,41199,2551,CO,0,20,0,0,0,0,0,9,7371,4061,295,0,324
460,28622,2057157,MX,0,8,0,0,0,0,0,1,9155,5951,91,0,100
500,41199,2551,CO,0,5,0,0,0,0,0,1,282,181,8,0,14
570,42191,833761,MX,223,8027,628,24,9,0,1,18,119361,0,10742,0,8930
555,28985,239389,PE,244,12323,2799,63,38,8,6,35,333864,217229,25937,0,41453
616,29438,12000,CO,1,27,7,0,0,0,0,1,12060,0,1085,335,36
529,30315,3008,MX,13,35,5,0,0,0,0,0,309,0,0,0,53
517,23526,17550,CO,0,2,0,0,0,0,0,0,18330,9669,5,0,7
520,41199,2551,CO,0,3,0,0,0,0,0,1,269,155,1,0,5
530,30315,3008,MX,11,36,0,0,0,0,0,0,279,0,0,0,47
505,41199,2551,CO,0,3,0,0,0,0,0,2,287,186,3,0,8
536,30315,3008,MX,5,24,1,0,1,0,0,4,245,0,0,0,35
531,30315,3008,MX,1,13,3,0,0,0,0,1,235,0,0,0,18
503,41199,2551,CO,0,3,0,0,0,0,0,0,147,91,1,0,4
535,30315,3008,MX,0,2,0,0,0,0,0,1,154,0,0,0,3
502,41199,2551,CO,0,2,0,0,0,0,0,0,266,172,6,0,8
511,48382,76527,MX,7,131,38,0,3,0,0,16,81498,57050,8176,22913,31284
513,28738,343053,MX,6,22,4,2,0,0,0,0,45693,27777,4126,0,4160
524,41199,2551,CO,0,2,0,0,0,0,0,0,184,118,1,0,3
514,30275,229998,MX,3,649,63,95,2,0,0,1,30018,26068,1917,0,2730
519,41199,2551,CO,0,5,0,0,0,0,0,2,559,326,11,0,18
522,41199,2551,CO,0,1,0,0,0,0,0,0,373,268,13,0,14
571,41896,144594,PE,0,57,5,0,0,0,0,0,4600,3094,21,0,83
525,30315,3008,MX,0,0,0,0,0,0,0,0,0,0,0,0,0
526,30315,3008,MX,0,0,0,0,0,0,0,0,0,0,0,0,0
627,39416,18442043,MX,6,93,3,1,0,0,0,1,257456,173377,3120,0,3224
527,30315,3008,MX,5,24,1,0,1,0,0,0,0,0,0,0,31
516,44408,24164,CO,17,735,107,3,3,0,0,35,4539,438,408,10693,848
561,41650,15132,MX,3,18,5,0,0,0,0,2,905,591,12,0,40
507,41199,2551,CO,0,2,0,0,0,0,0,0,162,94,1,0,3
521,41199,2551,CO,0,1,0,0,0,0,0,1,292,180,5,0,7
602,48382,76527,MX,0,132,22,0,0,0,0,1,5224,4142,398,0,553
665,34125,12071,CO,0,17,2,0,0,0,0,0,1443,953,21,0,40
622,40567,261659,MX,0,35,4,0,0,0,0,1,27597,24588,288,6881,7209
510,23526,17550,CO,0,0,0,0,0,0,0,0,19019,9492,13,0,13
596,24711,37078,CO,4,393,32,0,2,0,0,3,13484,9842,725,0,1159
537,30315,3008,MX,1,13,3,0,0,0,0,3,0,0,0,0,20
617,39426,6189,CO,3,57,8,0,0,0,0,5,3264,2055,259,0,332
657,44381,2,BR,0,0,0,0,0,0,0,0,1,1,0,0,0
656,30264,36477,MX,0,11,0,0,0,0,0,0,1500,0,75,0,86
661,50518,336051,PE,32,1087,214,2,4,0,1,2,55716,40084,2121,0,3463
644,30885,32169,CO,1,14,4,0,0,0,0,0,5962,0,932,0,19
648,40404,95819,PE,10,352,59,0,0,0,0,9,17459,10455,992,2996,4418
506,23526,17550,CO,0,0,2,0,0,0,0,0,16948,8399,19,94,21
582,48516,2338858,MX,164,5627,433,3,11,1,1,142,300334,0,27030,0,6382
655,51437,1005425,PE,1691,949,127,198,15,1,3,50,270167,211367,9654,33423,46111
666,24687,7618,CO,1,47,4,0,0,0,0,0,6148,3355,87,0,139
572,47126,226747,PE,21,1620,298,1,6,0,1,2,52249,29842,633,0,2582
583,48994,15116,MX,4,117,5,0,0,0,0,13,1931,0,1931,0,139
3,26457,313305,MX,2,26,4,0,0,0,0,25,7725,5722,234,1776,2067
638,27480,434458,MX,45,1418,93,16,3,1,0,14,40123,0,0,0,1590
597,48719,61,CO,0,0,0,0,0,0,0,0,23,13,0,0,0
639,35875,1466535,CO,46,851,187,85,8,0,1,58,96031,70124,14504,0,15740
634,42061,7499,CO,2,14,2,0,0,0,0,2,1526,963,25,0,45
623,39404,45256,MX,1,60,2,0,1,0,0,5,34880,0,3139,8560,69
645,30275,229998,MX,26,9904,1330,127,14,2,3,13,197549,135033,2917,0,14336
618,24672,2152,AR,1,18,0,0,0,0,0,0,415,294,0,0,19
168,39123,20105,MX,0,20,0,0,1,0,0,4,13264,4704,53,0,78
612,37228,59969,MX,1,133,56,0,1,0,1,0,5830,4075,259,0,451
635,51437,1005425,PE,68,1243,45,51,7,1,0,291,122780,83974,1964,0,3670
628,27191,29705,MX,0,120,1,0,0,0,0,0,2686,2228,22,0,143
690,48382,76527,MX,0,11,1,0,0,0,0,0,1936,1432,13,0,25
558,29312,71448,PE,8,112,7,0,0,1,2,17,68851,39464,1665,10597,1812
672,51509,274977,CO,0,44,5,0,1,0,0,4,91827,64278,0,0,54
649,38614,1965664,PE,22,442,51,4,1,0,0,21,64204,45821,2359,10894,13794
562,30694,810571,PE,43,4864,422,20,15,5,1,20,130443,0,0,0,5390
552,47126,226747,PE,205,9730,2497,54,21,4,1,41,231638,145763,6229,0,18782
606,28613,111700,CO,17,1328,127,9,3,0,0,11,59626,44162,1698,0,3193
456,28464,107963,PE,38,319,59,139,2,0,0,0,25047,17914,1838,0,2395
509,46306,3204,CO,11,798,37,4,1,0,0,1,10461,7552,268,0,1120
633,38614,1965664,PE,40,1360,101,2,10,0,0,31,106335,77674,4267,0,5811
669,45792,7238,CO,0,3,1,0,0,0,0,0,7096,3136,13,83,100
681,42352,662378,US,160,4373,447,9,13,3,0,31,108188,75732,2082,0,5036
589,40567,261659,MX,2,156,15,1,0,0,0,2,31480,29144,5807,0,5983
675,48663,3674,CO,1,20,2,0,0,0,0,0,2744,1458,44,0,67
160,29570,607546,MX,10,50,2,0,0,0,0,4,20694,14026,675,0,741
697,50750,21560,US,0,0,0,0,0,0,0,0,0,0,0,0,0
171,39123,20105,MX,0,32,2,0,4,0,0,12,12453,4560,111,0,161
98,29570,607546,MX,9,80,9,0,0,0,0,1,26405,18765,753,0,852
100,29570,607546,MX,4,40,4,0,0,0,0,0,15287,10781,702,0,750
225,28738,343053,MX,0,19,2,0,0,0,0,2,6481,4135,783,0,806
148,29235,2187443,MX,10,40,2,17,0,0,0,2,61413,44676,3569,0,3640
319,31197,103847,CO,49,1337,236,2,36,0,1,19,33429,24355,831,0,2511
326,24141,302065,PE,0,23,2,1,0,0,0,3,12317,9290,129,974,1132
309,43003,31951,PE,22,390,55,3,12,1,0,78,60500,38597,6247,13196,20004
379,45291,1359,CO,3,14,2,0,0,0,0,0,177,143,59,0,78
433,44851,17048,DO,3,57,13,0,0,0,0,2,7259,4514,231,632,938
410,44851,17048,DO,0,22,6,0,0,0,0,0,7067,4408,42,183,253
436,44851,17048,DO,4,42,7,0,0,0,0,1,9406,5909,62,203,319
394,44851,17048,DO,0,91,32,0,0,0,0,25,15736,9399,597,2068,2813
338,43107,976284,MX,9,263,27,2,1,0,8,3,39706,24581,838,3484,1151
496,34096,8885,CO,1,29,9,0,0,0,0,2,12403,6747,58,246,345
311,32027,403501,MX,5,102,14,0,0,0,0,0,22755,13977,543,0,664
335,40026,3235921,PE,44,1570,278,3,1,0,22,212,419235,310265,8088,37544,47762
146,31053,464740,MX,0,12,0,0,0,0,0,0,8515,5228,478,0,490
484,40086,80225,MX,15,1632,618,6,0,0,0,0,22303,15542,841,0,3112
347,24141,302065,PE,129,14012,435,29,14,1,3,37,474730,423635,5206,0,19866
590,27797,214995,MX,19,354,67,0,8,0,0,0,22133,14772,605,0,1053
241,24251,180842,MX,1,115,13,0,0,0,0,0,10423,6901,366,0,495
322,41652,229388,PE,26,761,56,0,1,1,5,63,116920,89677,5477,33938,40328
243,43581,196163,MX,3,103,7,0,0,0,0,0,10757,7278,241,0,354
624,27871,34624,CO,26,530,125,10,1,0,0,0,20999,13262,1656,3309,5657
359,29257,595742,PE,847,71126,10020,734,93,7,5,184,2369999,1695591,187985,0,271001
604,40567,261659,MX,19,630,74,0,3,0,0,1,31940,26260,978,0,1705
216,40026,3235921,PE,574,27075,5218,34,49,6,649,405,1607962,1091556,59717,0,93727
358,38505,1049579,PE,774,47176,3391,213,82,10,6,125,1808671,1513629,129316,0,181093
351,34329,154937,PE,26,281,44,0,0,0,0,0,28394,21020,1023,0,1374
485,27797,214995,MX,250,3132,1054,11,12,0,175,26,78836,54237,7333,0,11993
337,27797,214995,MX,18,1105,185,78,2,1,0,2,28838,28838,865,0,2256
598,24793,14557,MX,4,114,46,0,0,0,0,2,13437,7793,149,0,315
600,45443,372257,MX,41,5436,1486,6,29,0,1,28,0,0,0,0,7027
573,24251,180842,MX,4,227,24,0,0,0,0,6,22487,14537,260,0,521
619,29529,20311,CO,10,217,50,0,1,0,0,0,3874,0,348,0,626
584,48992,31105,MX,1,93,12,0,1,0,0,13,3834,0,345,0,120
640,48148,93259,CO,0,18,5,0,1,0,0,0,12409,0,1116,0,24
512,29257,595742,PE,11,331,41,0,3,0,1,6,100403,74204,3962,0,4355
300,44066,117954,MX,7,258,29,0,2,0,0,0,14194,9340,614,0,910
498,29221,59057,PE,47,214,32,12,3,0,0,10,52293,35382,2693,6715,3011
659,34010,45097,MX,0,7,0,0,0,0,0,0,1952,0,115,0,122
281,33792,221750,MX,3,547,74,1,0,0,0,1,31422,20577,2139,11452,2765
585,48719,61,CO,0,0,0,0,0,0,0,0,29,22,0,0,0
499,45494,259145,MX,0,47,4,0,0,0,0,10,7339,5175,165,0,226
679,39088,23067,MX,0,19,2,0,0,0,0,0,603,411,55,0,76
650,23526,17550,CO,0,7,2,0,0,0,0,0,7935,4505,35,0,44
591,48384,14282,MX,2,4,1,0,0,0,0,0,2655,0,239,113,7
673,31197,103847,CO,21,257,44,39,8,0,0,0,20816,14847,365,0,734
564,39726,458592,PE,14,342,48,0,0,0,0,2,23289,15457,205,0,611
620,40567,261659,MX,0,661,67,0,2,0,0,5,19618,16695,283,0,1018
663,27797,214995,MX,17,700,210,5,20,0,0,0,22213,27389,3357,8935,13244
667,23526,17550,CO,0,2,1,0,0,0,0,0,11555,5571,9,53,65
613,42012,99708,MX,0,8,0,0,0,0,0,0,1777,1178,19,0,27
636,34058,6246,CO,6,55,14,2,0,0,0,0,3396,2164,84,0,161
523,44408,24164,CO,1,24,1,0,1,0,0,4,1592,1119,42,0,73
559,29257,595742,PE,54,1435,300,29,5,0,0,29,227320,141878,15230,42678,17082
653,33822,31752,MX,0,19,0,0,0,0,0,0,2794,1977,48,0,67
630,24726,1516877,CO,1,62,17,0,0,0,0,1,39060,0,3515,1085,81
576,41611,9878,MX,10,36,15,0,0,0,0,11,2551,1565,37,0,109
593,48382,76527,MX,0,446,6,0,0,0,0,0,8509,7459,79,0,531
625,31044,717960,PE,57,2111,141,64,11,0,1,9,132657,94701,6433,0,8827
676,28877,59316,CO,15,202,28,195,7,0,1,4,0,0,0,0,452
631,24726,1516877,CO,1,67,11,0,0,0,0,0,14472,0,1302,402,79
276,35051,314890,MX,222,6162,3071,66,8,0,12,214,430914,319766,34799,97538,44554
652,40404,95819,PE,3,258,30,0,3,0,0,4,10738,5872,682,1647,2627
574,39416,18442043,MX,1226,1293,380,559,62,80,26,47,916586,705910,55099,162525,221297
682,24687,7618,CO,3,170,113,3,0,0,0,1,8361,4425,325,0,615
691,32027,403501,MX,1,29,1,0,0,0,0,0,20883,14560,180,0,211
504,48421,2641200,US,1208,31802,2333,43,119,1,13,418,1289080,902356,38795,0,74732
670,51509,274977,CO,1,38,0,0,0,0,0,1,51300,35910,0,0,40
508,29314,293030,PE,11,120,10,0,2,0,0,0,15977,11935,503,0,646
684,38680,320816,CO,34,673,91,340,0,0,3,39,174106,0,15669,15832,32681
646,38614,1965664,PE,33,611,53,2,3,1,2,5,78479,59397,3689,0,4399
599,45443,372257,MX,50,5438,1435,5,25,1,0,24,0,0,0,0,6978
693,38680,320816,CO,3,136,24,8,0,0,0,0,45516,0,4096,5620,9887
651,28985,239389,PE,39,3999,739,19,6,2,1,9,96644,63101,3858,0,8672
533,47299,2699,CO,1,14,1,0,0,0,0,0,2408,1295,80,176,272
515,30275,229998,MX,33,631,106,10,0,2,2,3,34871,28668,2487,0,3274
534,47299,2699,CO,1,25,3,0,0,0,0,0,2502,1450,57,0,86
532,48719,61,CO,0,4,0,0,0,0,0,1,251,164,4,0,9
664,43513,800,CO,0,17,2,0,0,0,0,0,719,0,65,0,84
641,34825,338326,MX,21,291,28,3,7,0,0,3,41623,0,0,0,353
592,48382,76527,MX,0,479,35,0,0,0,0,1,14138,11890,395,0,910
677,48663,3674,CO,1,22,2,0,0,0,0,1,3189,1510,49,121,194
686,29512,43043,MX,6,149,87,1,0,0,0,1,3755,2538,108,0,352
683,24691,344907,CO,4,327,132,11,1,0,0,11,19472,0,3894,0,4380
518,31197,103847,CO,45,2682,327,5,6,0,1,6,64400,46745,874,0,3946
563,47126,226747,PE,62,3394,606,9,8,81,2,10,88240,55692,3140,0,7312
615,33822,31752,MX,0,3,2,0,3,0,0,0,1327,943,14,0,22
632,40404,95819,PE,21,1010,165,7,3,0,0,5,57393,35547,1737,0,2948
643,27480,434458,MX,170,2155,183,36,16,1,2,183,119425,0,0,112405,2746
647,40404,95819,PE,20,1534,314,4,3,0,0,4,33828,21705,780,0,2659
577,41650,15132,MX,3,31,7,0,0,0,0,3,2018,1357,33,0,77
543,29257,595742,PE,50,983,118,98,4,0,1,9,152254,101072,7249,32599,8512
528,41199,2551,CO,0,3,0,0,0,0,0,1,303,192,8,0,12
538,41199,2551,CO,0,2,0,0,0,0,0,0,138,92,2,0,4
575,43107,976284,MX,1831,2427,817,477,63,65,26,73,1150840,840299,75906,240945,322630
608,37228,59969,MX,1,78,25,0,0,0,0,0,6348,4408,129,0,233
680,44066,117954,MX,18,1206,257,1,4,0,1,0,44718,31302,4024,0,5511
626,22761,996055,CO,8,287,39,1,2,0,0,5,50357,37590,1143,0,1485
12,29570,607546,MX,10,55,4,0,0,0,0,9,50622,42110,820,8024,898
601,48384,14282,MX,0,17,3,0,0,0,0,0,0,0,0,0,20
642,27480,434458,MX,55,2105,202,22,6,2,3,23,43256,0,0,0,2418
621,39404,45256,MX,1,419,26,0,0,0,0,3,14605,0,1314,0,449
637,30885,32169,CO,9,128,45,0,0,0,0,2,6138,0,552,1040,184
565,41611,9878,MX,6,39,3,0,6,0,0,6,1444,843,36,0,96
660,24711,37078,CO,6,191,14,1,0,0,0,2,5911,4259,193,0,407
614,42012,99708,MX,0,2,1,0,0,0,0,0,1270,826,18,0,21
586,44500,140406,PE,33,227,45,2,0,0,0,4,22921,14722,994,0,1305
674,38913,7289,MX,3,926,12,1,3,0,0,10,16327,11345,177,0,1132
687,30885,32169,CO,1,55,23,0,0,0,0,1,7375,0,664,0,80
470,41632,133306,AR,1,73,4,20,0,0,0,1,14828,10757,2924,7874,3023
465,29387,900687,PE,233,4079,400,436,18,1,0,297,601818,408413,44168,117634,49632
654,42012,99708,MX,0,14,6,0,0,0,0,0,7956,5492,472,0,492
694,40086,80225,MX,0,46,16,0,0,0,0,0,1804,10111,162,0,1096
714,35875,1466535,CO,83,5361,235,967,2,2,48,953,435851,298156,14918,0,22569
699,33783,386447,CO,5,78,1,1,0,0,0,0,17515,11974,621,0,706
701,25158,35012,US,2,149,5,0,0,0,0,2,3404,2892,73,0,231
695,31197,103847,CO,36,1125,239,151,2,0,0,14,29191,19818,2284,7544,11395
706,25725,44167,CO,1,9,0,0,0,0,0,2,6346,4227,98,0,110
710,52124,11924,CO,0,25,2,1,0,0,0,0,3986,2790,0,0,28
711,34811,45078,MX,0,11,1,0,0,0,0,2,629,436,30,0,44
712,34811,45078,MX,0,12,1,0,0,0,0,5,812,551,51,0,69
692,28260,1783666,CO,160,5535,1004,275,30,1,2,66,277864,194632,5754,0,12827
718,34076,756014,MX,3,123,10,0,0,0,0,0,0,0,0,0,136
719,43938,495529,CO,11,377,8,8,0,0,0,2,6665,4283,36895,8837,46138
698,22916,418878,US,7,25,4,0,0,0,0,3,4994,3434,104,0,143
728,30885,32169,CO,1,167,66,0,0,0,0,1,6614,0,595,0,235
721,48812,1917293,MX,15,169,20,54,1,0,0,16,363527,254468,0,0,275
705,40107,22438,CO,2,37,2,0,1,0,0,24,12086,7666,544,0,610
726,50401,1919855,MX,3,44,4,0,0,0,0,11,55497,31819,1360,0,1422
700,44408,24164,CO,2,22,5,0,0,0,0,4,3612,2313,118,0,151
685,43938,495529,CO,53,1672,215,8,0,1,1,3,27059,19710,865,0,2818
702,24804,15679,CO,2,58,6,3,1,0,0,28,14621,9098,894,0,992
707,50518,336051,PE,34,675,150,3,12,2,0,2,35819,23947,3576,0,4454
709,52124,11924,CO,0,150,61,4,0,0,0,0,2227,1558,0,0,215
678,27191,29705,MX,4,154,6,0,0,0,0,1,4412,3708,111,0,276
689,42012,99708,MX,6,631,176,6,2,0,1,0,29704,22682,600,0,1422
696,35051,314890,MX,64,6454,3817,246,5,3,4,88,187627,126659,7841,0,18522
723,29257,595742,PE,18,349,49,1,4,0,0,7,70432,48349,1881,16523,18832
611,50401,1919855,MX,4487,12108,2327,15438,66,32,27,11528,38915590,9515364,975629,2393782,3415424
713,30885,32169,CO,8,228,72,2,0,0,0,6,28932,0,2604,0,316
720,27664,19245,CO,12,212,37,2,0,0,0,1,15276,8185,266,0,530
703,24687,7618,CO,2,49,1,1,0,0,0,16,4224,2719,95,0,164
688,32027,403501,MX,9,327,102,0,2,0,0,2,26909,16357,469,0,911
715,45439,33105,MX,0,32,14,0,0,0,0,0,12738,8916,0,0,46
704,30275,229998,MX,29,387,71,17,2,0,0,10,282201,162062,6791,0,7307
658,34950,121893,PE,27,826,64,2,1,0,0,5,26588,17428,732,0,1657
722,43107,976284,MX,10,89,6,30,0,24,0,0,37667,28497,793,0,952
729,47126,226747,PE,17,713,246,2,1,1,0,5,46915,30414,1919,11737,14641
717,35860,8151,CO,0,126,7,0,0,0,0,0,5024,3316,640,0,773
716,35860,8151,CO,0,124,10,0,0,0,0,0,4135,3216,530,0,664
724,40354,3968290,MX,17,394,56,6,3,0,0,14,684889,479422,0,0,490
746,30885,32169,CO,1,125,37,0,1,0,0,2,6614,0,595,0,166
733,31053,464740,MX,2,14,4,2,0,0,0,8,16503,11962,179,0,201
745,47126,226747,PE,18,647,164,2,12,0,0,64,103413,69615,6830,19126,26863
751,25757,314620,CO,8,93,5,12,0,0,0,4,59777,41843,0,0,122
725,33252,2091353,MX,10,164,6,21,0,1,0,1,45499,33506,970,0,1173
739,22650,7119,CO,0,0,0,0,0,0,0,0,7293,5355,12,0,12
727,30769,486520,PE,29,381,48,2,9,0,2,91,110288,73509,6535,19688,26785
741,27664,19245,CO,8,99,17,0,0,0,0,0,9791,6620,92,0,216
737,48516,2338858,MX,8,670,74,10,5,0,0,9,31221,11313,1455,1043,2214
742,24701,195478,CO,5,237,16,38,0,0,0,5,49025,32456,4532,0,4833
749,43513,800,CO,0,0,0,0,0,0,0,0,0,0,0,0,0
738,52729,2091602,MX,3,40,9,0,0,0,0,2,4473,821,106,121,155
744,31990,914714,MX,170,3800,1239,33,74,4,6,7,200763,140534,18069,0,5333
740,35875,1466535,CO,34,1449,107,1339,8,0,7,14,231325,167713,12705,0,15663
734,36332,191970,MX,2,110,13,1,0,1,1,21,67326,47128,2042,0,2191
750,24613,352596,MX,8,17,8,0,0,0,0,0,5452,2969,545,0,0
747,30885,32169,CO,7,64,21,0,0,0,0,2,2480,0,223,0,94
736,35837,1468492,MX,3,32,6,0,0,0,0,1,3474,589,76,108,114
735,29257,595742,PE,1880,18773,23307,162,119,4,120,1346,3765800,1628940,372064,555815,973590
708,35875,1466535,CO,98,1467,563,229,1,5,1,266,222888,155688,12694,0,15324
668,30885,32169,CO,5,62,16,0,0,0,0,5,27687,0,2492,0,88
730,31049,379699,PE,37,870,209,70,1,0,0,18,164091,104291,10082,32387,43674
748,31044,717960,PE,286,2879,352,31,7,2,0,13,340417,213209,18192,0,21762
731,38751,54214,US,9,959,16,0,0,0,0,5,8226,5439,355,0,1344
743,30275,229998,MX,12,195,45,1,4,0,0,9,141880,104197,818,0,1084
732,38614,1965664,PE,40,714,70,1,2,0,1,15,173565,119581,5745,41515,48103
